G0,G175,1
G0,G176,-1
G0,G177,-1
G0,G178,1
G0,G179,1
G0,G180,-1
G0,G181,-1
G0,G182,-1
G0,G183,1
G0,G184,1
G0,G7,-1
G0,G91,1
G0,G185,1
G0,G186,1
G0,G187,1
G0,G188,1
G0,G189,1
G0,G190,-1
G0,G191,1
G0,G192,1
G0,G193,1
G0,G194,1
G0,G195,-1
G0,G196,-1
G0,G197,-1
G0,G43,-1
G0,G198,-1
G0,G199,1
G0,G200,1
G0,G0,-1
G0,G201,-1
G0,G202,1
G0,G152,1
G0,G203,1
G0,G204,-1
G0,G205,1
G0,G206,1
G0,G207,1
G0,G208,1
G0,G209,1
G0,G210,-1
G0,G211,-1
G0,G212,-1
G0,G213,-1
G0,G214,-1
G0,G10,1
G0,G215,1
G0,G216,-1
G0,G217,-1
G0,G218,-1
G0,G219,-1
G0,G220,-1
G0,G221,-1
G0,G222,-1
G0,G223,1
G0,G224,-1
G0,G225,1
G0,G226,1
G0,G227,1
G0,G228,1
G0,G229,1
G0,G230,-1
G0,G231,-1
G0,G232,-1
G0,G233,-1
G0,G234,-1
G0,G235,-1
G0,G236,-1
G0,G237,-1
G0,G238,-1
G0,G239,-1
G0,G240,1
G0,G240,-1
G0,G241,-1
G0,G242,-1
G0,G243,-1
G0,G244,1
G0,G245,1
G0,G246,1
G0,G247,-1
G0,G248,1
G0,G249,-1
G0,G250,1
G0,G251,1
G0,G251,-1
G0,G252,-1
G0,G253,1
G0,G254,-1
G0,G255,-1
G0,G256,-1
G0,G257,1
G0,G258,1
G0,G258,-1
G0,G259,1
G0,G260,1
G0,G261,1
G0,G262,1
G0,G263,1
G0,G264,1
G0,G265,-1
G0,G266,-1
G0,G267,-1
G0,G268,-1
G0,G25,1
G0,G100,1
G0,G269,-1
G0,G270,-1
G0,G271,1
G0,G272,1
G0,G273,1
G0,G274,1
G0,G275,1
G0,G276,1
G0,G277,-1
G0,G278,-1
G0,G279,-1
G0,G280,-1
G0,G281,-1
G0,G282,-1
G0,G283,-1
G0,G284,-1
G0,G285,-1
G0,G286,-1
G0,G287,1
G0,G288,1
G0,G289,1
G0,G290,1
G0,G291,1
G0,G292,1
G0,G293,1
G0,G294,1
G0,G295,1
G0,G296,1
G0,G297,1
G0,G298,-1
G0,G299,-1
G0,G28,-1
G0,G300,-1
G0,G301,-1
G0,G302,-1
G0,G303,-1
G0,G304,1
G0,G305,-1
G0,G111,-1
G0,G306,1
G0,G307,1
G0,G308,1
G0,G309,1
G0,G310,1
G0,G311,1
G0,G312,1
G0,G313,1
G0,G314,1
G0,G315,1
G0,G316,1
G0,G317,1
G0,G318,1
G0,G319,1
G0,G320,1
G0,G321,1
G0,G322,1
G0,G323,1
G0,G324,1
G0,G325,1
G0,G326,1
G0,G327,1
G0,G328,1
G0,G329,1
G0,G330,1
G0,G331,1
G0,G332,1
G0,G333,1
G0,G334,1
G0,G335,1
G0,G336,1
G0,G337,1
G0,G338,1
G0,G339,1
G0,G340,1
G0,G341,1
G0,G342,1
G0,G343,1
G0,G344,1
G0,G345,1
G0,G346,1
G0,G346,-1
G0,G347,1
G0,G348,1
G0,G349,1
G0,G350,1
G0,G351,1
G0,G352,1
G0,G353,1
G0,G354,1
G0,G355,1
G0,G356,1
G0,G357,1
G0,G358,1
G0,G359,1
G0,G360,1
G0,G361,1
G0,G362,1
G0,G363,1
G0,G364,1
G0,G365,1
G0,G366,1
G0,G367,1
G0,G368,1
G0,G369,1
G0,G370,1
G0,G371,1
G0,G371,-1
G0,G372,1
G0,G373,1
G0,G374,1
G0,G375,1
G0,G376,1
G0,G377,1
G0,G378,1
G0,G379,1
G0,G380,1
G0,G381,1
G0,G382,1
G0,G383,-1
G0,G384,-1
G0,G385,-1
G0,G386,-1
G0,G387,-1
G0,G388,1
G0,G389,-1
G0,G390,-1
G0,G27,-1
G0,G391,-1
G0,G392,-1
G1,G393,1
G1,G394,1
G1,G395,1
G1,G199,-1
G1,G200,-1
G1,G396,-1
G1,G397,1
G1,G398,1
G1,G235,1
G1,G399,1
G1,G400,1
G1,G401,1
G1,G402,1
G1,G403,1
G1,G404,1
G1,G405,1
G1,G406,1
G1,G407,1
G1,G1,-1
G1,G408,1
G1,G409,1
G1,G410,1
G1,G25,1
G1,G100,1
G1,G269,-1
G1,G411,-1
G1,G272,1
G1,G412,1
G1,G413,1
G1,G278,-1
G1,G279,-1
G1,G414,1
G1,G415,1
G1,G416,1
G1,G417,-1
G1,G418,1
G1,G419,1
G1,G420,1
G1,G421,1
G1,G422,1
G1,G423,1
G1,G424,-1
G1,G425,-1
G1,G426,-1
G1,G427,1
G2,G428,-1
G2,G429,-1
G2,G430,-1
G2,G431,-1
G2,G432,-1
G2,G433,1
G2,G434,1
G2,G435,-1
G2,G436,-1
G2,G437,1
G2,G437,-1
G2,G2,-1
G2,G438,-1
G3,G439,1
G3,G440,1
G3,G395,1
G3,G43,1
G3,G198,1
G3,G441,1
G3,G3,-1
G3,G442,1
G3,G443,1
G3,G244,1
G3,G245,1
G3,G254,1
G3,G444,1
G3,G445,1
G3,G304,1
G4,G446,1
G4,G4,1
G4,G429,1
G4,G447,-1
G4,G448,-1
G4,G449,1
G4,G450,1
G4,G451,1
G4,G452,1
G4,G453,1
G4,G454,-1
G4,G455,-1
G4,G456,1
G4,G457,-1
G4,G458,1
G4,G459,-1
G4,G460,1
G4,G461,1
G4,G462,1
G4,G463,-1
G4,G464,-1
G4,G465,1
G4,G466,1
G4,G467,1
G4,G468,1
G4,G25,1
G4,G100,1
G4,G469,-1
G4,G272,1
G4,G470,1
G4,G121,1
G4,G471,1
G4,G472,1
G4,G473,1
G4,G474,-1
G4,G414,1
G4,G475,-1
G4,G476,1
G4,G477,1
G4,G478,1
G4,G479,-1
G4,G480,-1
G4,G481,-1
G4,G106,-1
G4,G482,-1
G4,G483,-1
G4,G484,1
G4,G485,1
G4,G486,1
G4,G487,1
G4,G488,-1
G4,G489,-1
G4,G490,1
G4,G491,1
G4,G492,1
G4,G493,1
G5,G494,-1
G5,G495,-1
G5,G191,-1
G5,G192,-1
G5,G193,-1
G5,G194,-1
G5,G195,-1
G5,G196,-1
G5,G197,-1
G5,G496,1
G5,G497,1
G5,G498,1
G5,G499,1
G5,G500,1
G5,G501,1
G5,G502,1
G5,G503,1
G5,G33,1
G5,G504,1
G5,G505,-1
G5,G506,-1
G5,G507,-1
G5,G508,-1
G5,G509,-1
G5,G510,1
G5,G511,1
G5,G512,1
G5,G513,1
G5,G514,1
G5,G515,1
G5,G516,1
G5,G517,1
G5,G518,1
G5,G519,1
G5,G520,1
G5,G521,1
G5,G522,1
G5,G523,1
G5,G524,1
G5,G525,1
G5,G526,1
G5,G527,1
G5,G528,1
G5,G529,1
G5,G530,-1
G5,G531,1
G6,G532,1
G6,G533,1
G6,G534,1
G6,G535,1
G6,G535,-1
G6,G536,1
G6,G536,-1
G6,G537,1
G6,G175,1
G6,G393,-1
G6,G177,1
G6,G17,1
G6,G17,-1
G6,G432,1
G6,G538,1
G6,G539,1
G6,G539,-1
G6,G8,1
G6,G540,1
G6,G541,1
G6,G542,1
G6,G543,1
G6,G544,-1
G6,G545,-1
G6,G546,1
G6,G546,-1
G6,G547,1
G6,G547,-1
G6,G185,-1
G6,G186,-1
G6,G187,-1
G6,G188,-1
G6,G189,-1
G6,G190,1
G6,G195,1
G6,G196,1
G6,G197,1
G6,G548,-1
G6,G549,1
G6,G550,1
G6,G551,1
G6,G552,1
G6,G553,1
G6,G554,1
G6,G22,1
G6,G6,1
G6,G6,-1
G6,G555,1
G6,G556,1
G6,G557,1
G6,G558,1
G6,G559,-1
G6,G201,1
G6,G397,-1
G6,G560,1
G6,G441,1
G6,G205,1
G6,G206,1
G6,G207,1
G6,G208,1
G6,G209,1
G6,G561,-1
G6,G562,-1
G6,G563,-1
G6,G564,-1
G6,G565,-1
G6,G566,1
G6,G567,1
G6,G568,1
G6,G569,1
G6,G570,1
G6,G225,1
G6,G225,-1
G6,G571,1
G6,G572,1
G6,G235,1
G6,G236,1
G6,G237,1
G6,G238,1
G6,G239,1
G6,G33,-1
G6,G504,-1
G6,G240,-1
G6,G241,1
G6,G242,1
G6,G243,1
G6,G249,1
G6,G573,1
G6,G574,1
G6,G575,1
G6,G576,-1
G6,G577,1
G6,G578,1
G6,G579,1
G6,G580,-1
G6,G581,-1
G6,G582,1
G6,G583,1
G6,G584,1
G6,G585,1
G6,G255,-1
G6,G586,1
G6,G587,-1
G6,G588,-1
G6,G589,1
G6,G590,1
G6,G591,1
G6,G592,1
G6,G256,-1
G6,G593,1
G6,G594,-1
G6,G595,1
G6,G596,1
G6,G597,-1
G6,G598,-1
G6,G599,-1
G6,G600,-1
G6,G401,-1
G6,G103,-1
G6,G11,-1
G6,G601,-1
G6,G602,-1
G6,G603,-1
G6,G604,-1
G6,G605,1
G6,G606,1
G6,G104,1
G6,G607,1
G6,G608,1
G6,G609,1
G6,G610,-1
G6,G464,1
G6,G61,1
G6,G61,-1
G6,G611,1
G6,G611,-1
G6,G612,-1
G6,G613,-1
G6,G614,1
G6,G615,1
G6,G616,1
G6,G405,-1
G6,G617,1
G6,G618,1
G6,G618,-1
G6,G619,1
G6,G619,-1
G6,G620,1
G6,G620,-1
G6,G621,-1
G6,G622,1
G6,G623,-1
G6,G624,-1
G6,G625,-1
G6,G407,-1
G6,G626,1
G6,G627,-1
G6,G628,-1
G6,G629,1
G6,G409,1
G6,G409,-1
G6,G630,1
G6,G631,1
G6,G632,1
G6,G633,-1
G6,G164,1
G6,G634,1
G6,G635,1
G6,G636,1
G6,G637,1
G6,G638,1
G6,G639,1
G6,G640,1
G6,G641,1
G6,G642,1
G6,G643,1
G6,G510,1
G6,G511,1
G6,G512,1
G6,G513,1
G6,G644,1
G6,G514,1
G6,G275,-1
G6,G276,-1
G6,G277,1
G6,G645,1
G6,G646,1
G6,G646,-1
G6,G280,1
G6,G281,1
G6,G282,1
G6,G283,1
G6,G284,1
G6,G285,1
G6,G108,-1
G6,G515,1
G6,G516,1
G6,G517,1
G6,G518,1
G6,G519,1
G6,G520,1
G6,G521,1
G6,G522,1
G6,G523,1
G6,G524,1
G6,G525,1
G6,G526,1
G6,G527,1
G6,G647,1
G6,G648,1
G6,G649,1
G6,G650,1
G6,G651,1
G6,G287,-1
G6,G288,-1
G6,G289,-1
G6,G290,-1
G6,G291,-1
G6,G292,-1
G6,G293,-1
G6,G294,-1
G6,G295,-1
G6,G296,-1
G6,G297,-1
G6,G652,1
G6,G653,1
G6,G654,-1
G6,G655,1
G6,G528,1
G6,G529,1
G6,G656,1
G6,G656,-1
G6,G657,1
G6,G29,-1
G6,G28,-1
G6,G658,1
G6,G659,1
G6,G660,1
G6,G661,1
G6,G662,-1
G6,G663,-1
G6,G664,1
G6,G665,1
G6,G666,-1
G6,G667,-1
G6,G668,-1
G6,G669,-1
G6,G670,1
G6,G671,1
G6,G672,1
G6,G673,1
G6,G346,1
G6,G383,-1
G6,G112,1
G6,G674,1
G6,G675,-1
G6,G676,-1
G6,G677,-1
G6,G678,-1
G6,G679,-1
G6,G680,-1
G6,G681,1
G6,G682,1
G6,G683,1
G6,G684,1
G6,G685,1
G6,G686,1
G6,G687,1
G6,G385,1
G6,G688,-1
G6,G689,-1
G6,G690,-1
G6,G691,1
G6,G692,1
G6,G693,1
G6,G694,1
G6,G695,1
G6,G696,1
G6,G697,1
G6,G698,1
G6,G699,1
G6,G700,1
G6,G701,1
G6,G702,1
G6,G703,1
G6,G704,1
G6,G9,-1
G6,G705,1
G6,G706,1
G6,G707,1
G6,G708,-1
G6,G709,-1
G6,G710,-1
G6,G711,-1
G6,G712,-1
G6,G713,-1
G6,G714,-1
G6,G715,-1
G6,G21,-1
G6,G716,-1
G6,G717,-1
G6,G718,1
G6,G719,1
G6,G720,1
G6,G721,1
G6,G722,1
G6,G723,1
G6,G724,1
G6,G725,1
G6,G726,-1
G6,G158,1
G6,G727,1
G6,G728,-1
G6,G729,1
G6,G730,1
G6,G731,1
G7,G494,1
G7,G532,1
G7,G732,1
G7,G733,-1
G7,G734,-1
G7,G535,1
G7,G536,1
G7,G735,-1
G7,G736,1
G7,G393,1
G7,G737,-1
G7,G738,-1
G7,G739,-1
G7,G177,1
G7,G740,1
G7,G741,1
G7,G66,1
G7,G742,1
G7,G743,1
G7,G744,1
G7,G745,1
G7,G746,1
G7,G747,1
G7,G747,-1
G7,G748,1
G7,G749,-1
G7,G750,1
G7,G751,1
G7,G538,1
G7,G180,1
G7,G181,1
G7,G182,1
G7,G752,1
G7,G752,-1
G7,G753,1
G7,G754,1
G7,G755,1
G7,G51,1
G7,G756,1
G7,G495,1
G7,G757,1
G7,G758,1
G7,G7,1
G7,G7,-1
G7,G759,1
G7,G759,-1
G7,G760,1
G7,G761,-1
G7,G185,1
G7,G186,1
G7,G187,1
G7,G188,1
G7,G189,1
G7,G190,-1
G7,G69,1
G7,G69,-1
G7,G191,1
G7,G191,-1
G7,G192,1
G7,G192,-1
G7,G193,1
G7,G193,-1
G7,G194,1
G7,G194,-1
G7,G762,1
G7,G763,1
G7,G764,1
G7,G765,1
G7,G766,1
G7,G767,1
G7,G768,1
G7,G769,1
G7,G770,1
G7,G771,1
G7,G772,1
G7,G772,-1
G7,G396,1
G7,G773,1
G7,G774,1
G7,G775,1
G7,G776,1
G7,G777,1
G7,G778,1
G7,G779,1
G7,G0,1
G7,G0,-1
G7,G780,1
G7,G781,1
G7,G782,1
G7,G783,1
G7,G784,1
G7,G785,1
G7,G786,1
G7,G95,1
G7,G787,1
G7,G559,1
G7,G201,1
G7,G397,1
G7,G156,1
G7,G788,1
G7,G789,1
G7,G789,-1
G7,G790,1
G7,G790,-1
G7,G77,1
G7,G791,1
G7,G791,-1
G7,G792,1
G7,G793,1
G7,G794,-1
G7,G560,1
G7,G441,-1
G7,G795,1
G7,G796,1
G7,G797,1
G7,G202,1
G7,G202,-1
G7,G152,1
G7,G152,-1
G7,G203,1
G7,G203,-1
G7,G205,1
G7,G206,1
G7,G207,1
G7,G798,1
G7,G799,1
G7,G800,1
G7,G801,1
G7,G802,1
G7,G208,1
G7,G79,1
G7,G209,1
G7,G803,1
G7,G561,-1
G7,G562,-1
G7,G804,1
G7,G211,1
G7,G212,1
G7,G213,1
G7,G805,-1
G7,G806,-1
G7,G807,-1
G7,G808,-1
G7,G215,1
G7,G216,1
G7,G114,1
G7,G809,1
G7,G810,1
G7,G223,-1
G7,G811,-1
G7,G812,1
G7,G812,-1
G7,G80,1
G7,G813,1
G7,G813,-1
G7,G814,1
G7,G814,-1
G7,G815,1
G7,G225,1
G7,G225,-1
G7,G226,1
G7,G227,1
G7,G228,1
G7,G107,1
G7,G107,-1
G7,G816,1
G7,G817,1
G7,G60,1
G7,G818,1
G7,G819,1
G7,G820,1
G7,G820,-1
G7,G821,1
G7,G822,1
G7,G823,1
G7,G824,1
G7,G825,1
G7,G826,1
G7,G827,-1
G7,G230,1
G7,G828,1
G7,G231,1
G7,G232,1
G7,G233,1
G7,G829,1
G7,G829,-1
G7,G830,1
G7,G830,-1
G7,G831,1
G7,G831,-1
G7,G44,1
G7,G44,-1
G7,G234,1
G7,G241,-1
G7,G242,-1
G7,G243,-1
G7,G832,1
G7,G244,1
G7,G245,1
G7,G833,1
G7,G833,-1
G7,G246,-1
G7,G834,1
G7,G457,1
G7,G153,1
G7,G153,-1
G7,G12,1
G7,G835,1
G7,G835,-1
G7,G249,1
G7,G836,1
G7,G837,-1
G7,G250,-1
G7,G458,1
G7,G458,-1
G7,G838,1
G7,G251,1
G7,G839,1
G7,G839,-1
G7,G840,1
G7,G840,-1
G7,G841,-1
G7,G842,1
G7,G843,1
G7,G844,1
G7,G845,1
G7,G846,1
G7,G102,1
G7,G847,1
G7,G84,1
G7,G67,1
G7,G848,1
G7,G255,-1
G7,G460,1
G7,G460,-1
G7,G849,1
G7,G256,-1
G7,G257,-1
G7,G850,1
G7,G597,1
G7,G598,1
G7,G599,1
G7,G600,1
G7,G851,1
G7,G852,1
G7,G853,-1
G7,G854,1
G7,G401,1
G7,G855,-1
G7,G856,-1
G7,G857,-1
G7,G858,1
G7,G859,1
G7,G860,1
G7,G96,1
G7,G861,1
G7,G97,1
G7,G601,1
G7,G602,1
G7,G603,1
G7,G604,1
G7,G104,1
G7,G607,1
G7,G608,1
G7,G862,1
G7,G863,1
G7,G260,1
G7,G864,-1
G7,G865,1
G7,G865,-1
G7,G866,1
G7,G866,-1
G7,G867,1
G7,G868,1
G7,G869,1
G7,G870,1
G7,G871,1
G7,G872,1
G7,G873,1
G7,G874,1
G7,G875,1
G7,G876,-1
G7,G877,1
G7,G878,1
G7,G879,1
G7,G61,1
G7,G880,1
G7,G611,-1
G7,G881,1
G7,G612,1
G7,G882,1
G7,G614,1
G7,G263,-1
G7,G264,-1
G7,G883,1
G7,G883,-1
G7,G617,1
G7,G68,1
G7,G622,1
G7,G884,1
G7,G885,1
G7,G624,1
G7,G265,1
G7,G265,-1
G7,G886,1
G7,G887,1
G7,G407,1
G7,G888,1
G7,G889,1
G7,G408,1
G7,G266,-1
G7,G890,-1
G7,G891,1
G7,G891,-1
G7,G892,1
G7,G892,-1
G7,G25,1
G7,G100,1
G7,G631,1
G7,G269,1
G7,G893,-1
G7,G270,-1
G7,G633,-1
G7,G894,1
G7,G411,1
G7,G895,1
G7,G52,-1
G7,G896,1
G7,G635,1
G7,G636,1
G7,G637,1
G7,G638,1
G7,G639,1
G7,G640,1
G7,G641,1
G7,G642,1
G7,G643,1
G7,G272,1
G7,G273,1
G7,G273,-1
G7,G897,1
G7,G898,1
G7,G898,-1
G7,G899,1
G7,G645,1
G7,G900,-1
G7,G901,1
G7,G902,1
G7,G903,1
G7,G904,1
G7,G474,1
G7,G278,1
G7,G279,1
G7,G286,1
G7,G905,1
G7,G906,1
G7,G907,1
G7,G908,1
G7,G909,-1
G7,G910,-1
G7,G911,1
G7,G912,1
G7,G913,1
G7,G914,1
G7,G915,-1
G7,G916,-1
G7,G28,-1
G7,G300,1
G7,G301,1
G7,G917,1
G7,G918,1
G7,G919,1
G7,G920,1
G7,G921,1
G7,G922,1
G7,G923,1
G7,G924,1
G7,G925,1
G7,G302,1
G7,G303,1
G7,G475,1
G7,G304,1
G7,G926,1
G7,G927,-1
G7,G928,1
G7,G929,1
G7,G930,1
G7,G931,1
G7,G932,1
G7,G530,1
G7,G145,-1
G7,G933,1
G7,G934,1
G7,G935,1
G7,G936,1
G7,G937,1
G7,G938,1
G7,G939,1
G7,G940,1
G7,G665,1
G7,G941,1
G7,G942,1
G7,G670,1
G7,G943,1
G7,G55,-1
G7,G944,1
G7,G945,1
G7,G946,1
G7,G947,1
G7,G948,1
G7,G949,1
G7,G950,1
G7,G951,1
G7,G952,1
G7,G56,1
G7,G305,1
G7,G111,1
G7,G340,-1
G7,G953,-1
G7,G954,1
G7,G383,-1
G7,G955,-1
G7,G956,1
G7,G957,-1
G7,G384,1
G7,G112,1
G7,G958,-1
G7,G959,-1
G7,G960,1
G7,G116,1
G7,G961,1
G7,G962,1
G7,G963,1
G7,G964,1
G7,G30,1
G7,G965,1
G7,G675,-1
G7,G676,-1
G7,G677,-1
G7,G678,-1
G7,G679,-1
G7,G680,-1
G7,G966,1
G7,G967,1
G7,G421,1
G7,G421,-1
G7,G968,1
G7,G968,-1
G7,G479,1
G7,G480,1
G7,G481,1
G7,G106,1
G7,G385,1
G7,G969,-1
G7,G970,-1
G7,G971,1
G7,G127,1
G7,G972,1
G7,G973,1
G7,G974,1
G7,G975,1
G7,G976,1
G7,G977,1
G7,G978,1
G7,G979,1
G7,G980,1
G7,G981,1
G7,G982,1
G7,G983,1
G7,G386,-1
G7,G984,1
G7,G120,1
G7,G985,1
G7,G986,1
G7,G987,1
G7,G988,1
G7,G989,1
G7,G990,1
G7,G991,1
G7,G992,1
G7,G993,1
G7,G994,1
G7,G995,1
G7,G996,1
G7,G708,1
G7,G709,1
G7,G710,1
G7,G711,1
G7,G712,1
G7,G713,1
G7,G714,1
G7,G715,1
G7,G21,1
G7,G716,1
G7,G997,1
G7,G488,1
G7,G489,1
G7,G998,1
G7,G999,1
G7,G1000,1
G7,G27,1
G7,G722,1
G7,G723,1
G7,G724,1
G7,G725,1
G7,G1001,1
G7,G1002,1
G7,G1003,1
G7,G391,1
G7,G392,1
G7,G1004,1
G7,G1005,1
G7,G1006,1
G7,G169,-1
G7,G1007,1
G7,G1008,1
G7,G1009,1
G7,G167,1
G7,G155,1
G7,G158,1
G7,G1010,1
G7,G1011,1
G7,G1012,1
G7,G1013,1
G7,G1014,1
G7,G54,1
G7,G1015,1
G7,G1016,1
G7,G1017,1
G7,G1018,1
G7,G1019,1
G7,G1020,1
G7,G1021,1
G7,G1022,1
G7,G1023,1
G7,G729,1
G7,G1024,1
G7,G1025,1
G7,G1026,1
G7,G1027,1
G7,G1028,1
G7,G1029,1
G7,G1030,1
G7,G1031,1
G7,G1032,1
G8,G1033,1
G8,G1034,1
G8,G8,1
G9,G1035,-1
G9,G734,-1
G9,G537,1
G9,G1036,-1
G9,G738,-1
G9,G1037,1
G9,G177,-1
G9,G743,-1
G9,G744,-1
G9,G1038,-1
G9,G1039,-1
G9,G428,-1
G9,G1040,-1
G9,G88,-1
G9,G1041,1
G9,G180,-1
G9,G1042,1
G9,G447,1
G9,G544,1
G9,G758,-1
G9,G546,1
G9,G1043,-1
G9,G1044,-1
G9,G1045,-1
G9,G440,-1
G9,G1046,-1
G9,G1047,1
G9,G1048,-1
G9,G1049,-1
G9,G43,-1
G9,G1050,-1
G9,G548,-1
G9,G550,-1
G9,G553,-1
G9,G1051,-1
G9,G782,-1
G9,G788,1
G9,G441,-1
G9,G802,-1
G9,G803,-1
G9,G561,-1
G9,G562,-1
G9,G1052,-1
G9,G1053,-1
G9,G1054,-1
G9,G1055,-1
G9,G808,-1
G9,G1056,-1
G9,G1057,-1
G9,G215,1
G9,G1058,1
G9,G810,-1
G9,G1059,-1
G9,G570,-1
G9,G1060,-1
G9,G1061,-1
G9,G1062,1
G9,G1063,-1
G9,G98,-1
G9,G1064,1
G9,G1065,-1
G9,G1066,-1
G9,G20,-1
G9,G442,1
G9,G99,-1
G9,G1067,-1
G9,G107,-1
G9,G819,-1
G9,G398,1
G9,G1068,-1
G9,G1069,1
G9,G82,-1
G9,G230,-1
G9,G828,-1
G9,G1070,1
G9,G1071,-1
G9,G234,-1
G9,G239,-1
G9,G504,-1
G9,G246,-1
G9,G1072,-1
G9,G834,-1
G9,G457,-1
G9,G153,-1
G9,G1073,-1
G9,G505,1
G9,G507,-1
G9,G1074,1
G9,G1075,1
G9,G13,-1
G9,G573,-1
G9,G1076,-1
G9,G1077,-1
G9,G1078,-1
G9,G1079,-1
G9,G1080,-1
G9,G579,-1
G9,G1081,-1
G9,G1082,-1
G9,G1083,-1
G9,G1084,1
G9,G1085,-1
G9,G1086,1
G9,G1087,-1
G9,G1088,-1
G9,G599,1
G9,G41,-1
G9,G852,-1
G9,G1089,1
G9,G97,-1
G9,G601,-1
G9,G104,-1
G9,G105,-1
G9,G1090,-1
G9,G862,-1
G9,G863,-1
G9,G1091,-1
G9,G1092,-1
G9,G161,-1
G9,G1093,-1
G9,G1094,-1
G9,G1095,-1
G9,G149,-1
G9,G110,-1
G9,G1096,1
G9,G1097,-1
G9,G444,1
G9,G1098,1
G9,G1099,-1
G9,G1100,-1
G9,G1101,-1
G9,G1102,-1
G9,G621,-1
G9,G1103,-1
G9,G1104,-1
G9,G1105,-1
G9,G1106,-1
G9,G1107,1
G9,G885,1
G9,G1108,1
G9,G1109,1
G9,G1110,1
G9,G468,-1
G9,G1111,1
G9,G1112,1
G9,G888,1
G9,G889,1
G9,G1113,-1
G9,G445,-1
G9,G1114,-1
G9,G1115,1
G9,G1116,-1
G9,G1117,-1
G9,G628,-1
G9,G1118,1
G9,G1119,-1
G9,G266,-1
G9,G891,1
G9,G92,-1
G9,G268,1
G9,G100,1
G9,G631,-1
G9,G1120,1
G9,G1121,1
G9,G1122,-1
G9,G1123,-1
G9,G633,1
G9,G633,-1
G9,G1124,-1
G9,G1125,-1
G9,G1126,-1
G9,G1127,-1
G9,G1128,1
G9,G1129,1
G9,G52,1
G9,G896,-1
G9,G1130,-1
G9,G1131,-1
G9,G36,-1
G9,G1132,-1
G9,G1133,-1
G9,G1134,1
G9,G1135,-1
G9,G1136,1
G9,G1137,-1
G9,G1138,1
G9,G1139,-1
G9,G472,1
G9,G1140,-1
G9,G1141,-1
G9,G1142,-1
G9,G1143,-1
G9,G1144,-1
G9,G1145,-1
G9,G1146,-1
G9,G1147,-1
G9,G1148,1
G9,G1149,1
G9,G899,-1
G9,G1150,-1
G9,G1151,-1
G9,G1152,1
G9,G1153,-1
G9,G1154,-1
G9,G1155,-1
G9,G1156,-1
G9,G1157,-1
G9,G1158,-1
G9,G1159,-1
G9,G1160,-1
G9,G1161,-1
G9,G1162,1
G9,G1163,-1
G9,G1164,-1
G9,G1165,1
G9,G1166,1
G9,G284,1
G9,G285,1
G9,G1167,-1
G9,G905,1
G9,G905,-1
G9,G1168,-1
G9,G1169,1
G9,G1170,-1
G9,G1171,1
G9,G1172,1
G9,G1173,-1
G9,G1174,-1
G9,G515,-1
G9,G520,-1
G9,G521,-1
G9,G522,-1
G9,G523,-1
G9,G1175,-1
G9,G1176,-1
G9,G1177,-1
G9,G1178,-1
G9,G910,-1
G9,G1179,-1
G9,G1180,-1
G9,G1181,1
G9,G1182,-1
G9,G1183,1
G9,G1184,-1
G9,G915,1
G9,G28,-1
G9,G1185,-1
G9,G1186,1
G9,G1187,-1
G9,G1188,-1
G9,G48,-1
G9,G304,-1
G9,G1189,1
G9,G1190,1
G9,G1191,1
G9,G1192,1
G9,G1193,1
G9,G1194,-1
G9,G928,-1
G9,G1195,1
G9,G1196,-1
G9,G1197,-1
G9,G1198,1
G9,G1199,-1
G9,G1200,-1
G9,G1201,-1
G9,G1202,1
G9,G1203,-1
G9,G943,-1
G9,G1204,1
G9,G1205,-1
G9,G1206,1
G9,G1207,-1
G9,G311,1
G9,G1208,-1
G9,G1209,-1
G9,G1210,-1
G9,G340,-1
G9,G1211,1
G9,G953,-1
G9,G1212,-1
G9,G1213,-1
G9,G1214,-1
G9,G1215,1
G9,G1216,-1
G9,G1217,-1
G9,G1218,1
G9,G112,-1
G9,G1219,1
G9,G1220,1
G9,G1221,-1
G9,G1222,-1
G9,G1223,-1
G9,G1224,-1
G9,G1225,1
G9,G1226,-1
G9,G1227,-1
G9,G1228,-1
G9,G1229,1
G9,G1230,-1
G9,G1231,-1
G9,G1232,1
G9,G1233,-1
G9,G1234,-1
G9,G119,1
G9,G1235,1
G9,G1236,-1
G9,G1237,1
G9,G1238,-1
G9,G1239,-1
G9,G1240,1
G9,G1241,1
G9,G1242,-1
G9,G1243,-1
G9,G1244,-1
G9,G1245,1
G9,G1246,1
G9,G1247,1
G9,G1248,-1
G9,G1249,1
G9,G1250,-1
G9,G1251,-1
G9,G1252,1
G9,G1253,1
G9,G1254,1
G9,G1255,-1
G9,G1256,-1
G9,G1257,1
G9,G687,-1
G9,G1258,-1
G9,G1259,1
G9,G1260,-1
G9,G1261,-1
G9,G122,1
G9,G1262,1
G9,G1263,-1
G9,G1264,-1
G9,G971,-1
G9,G1265,-1
G9,G1266,1
G9,G1267,1
G9,G1268,-1
G9,G1269,-1
G9,G1270,-1
G9,G1271,-1
G9,G127,1
G9,G127,-1
G9,G163,1
G9,G1272,1
G9,G1273,1
G9,G1274,1
G9,G1275,1
G9,G1276,-1
G9,G1277,-1
G9,G1278,-1
G9,G1279,-1
G9,G1280,-1
G9,G1281,-1
G9,G1282,1
G9,G1283,-1
G9,G1284,-1
G9,G1285,-1
G9,G1286,-1
G9,G1287,-1
G9,G1288,1
G9,G1289,-1
G9,G693,-1
G9,G694,-1
G9,G695,1
G9,G1290,-1
G9,G1291,1
G9,G1292,-1
G9,G1293,-1
G9,G1294,-1
G9,G1295,-1
G9,G1296,-1
G9,G1297,1
G9,G1298,-1
G9,G1299,-1
G9,G1300,1
G9,G118,-1
G9,G1301,-1
G9,G1302,1
G9,G1303,-1
G9,G1304,-1
G9,G1305,-1
G9,G1306,-1
G9,G1307,-1
G9,G9,-1
G9,G1308,-1
G9,G1309,-1
G9,G1310,1
G9,G1311,1
G9,G1312,-1
G9,G1313,-1
G9,G1314,-1
G9,G1315,1
G9,G1316,-1
G9,G1317,-1
G9,G1318,-1
G9,G1319,1
G9,G1320,-1
G9,G1321,-1
G9,G1322,-1
G9,G706,-1
G9,G1323,-1
G9,G1324,1
G9,G1325,-1
G9,G1326,-1
G9,G1327,1
G9,G1328,-1
G9,G1329,1
G9,G1330,-1
G9,G997,-1
G9,G117,1
G9,G1331,-1
G9,G1332,-1
G9,G1333,-1
G9,G1334,1
G9,G1335,-1
G9,G1336,-1
G9,G1337,-1
G9,G1338,-1
G9,G1339,-1
G9,G1340,-1
G9,G1341,-1
G9,G1342,-1
G9,G1343,-1
G9,G1344,-1
G9,G1345,-1
G9,G1346,-1
G9,G1347,-1
G9,G1348,1
G9,G1349,1
G9,G1350,1
G9,G1351,-1
G9,G719,-1
G9,G1352,-1
G9,G1353,-1
G9,G1354,-1
G9,G1355,1
G9,G1356,-1
G9,G1357,-1
G9,G1358,-1
G9,G1359,-1
G9,G1360,1
G9,G1361,-1
G9,G1362,-1
G9,G1363,1
G9,G1364,1
G9,G1365,-1
G9,G391,1
G9,G1366,-1
G9,G1367,-1
G9,G1368,-1
G9,G1369,-1
G9,G1370,-1
G9,G1371,-1
G9,G1372,1
G9,G1373,1
G9,G1374,-1
G9,G1375,-1
G9,G1376,-1
G9,G1377,-1
G9,G1378,1
G9,G1379,-1
G9,G1380,1
G9,G1014,-1
G9,G1381,-1
G9,G1382,-1
G9,G1383,1
G9,G1384,-1
G9,G1019,-1
G9,G1385,-1
G9,G1023,-1
G9,G729,-1
G9,G730,-1
G9,G1386,1
G9,G1387,-1
G10,G1388,1
G10,G534,-1
G10,G87,-1
G10,G180,-1
G10,G181,-1
G10,G182,-1
G10,G129,-1
G10,G1033,-1
G10,G1034,-1
G10,G8,-1
G10,G91,-1
G10,G546,-1
G10,G547,-1
G10,G1389,-1
G10,G190,-1
G10,G1390,-1
G10,G1391,-1
G10,G1392,-1
G10,G1393,-1
G10,G549,1
G10,G550,-1
G10,G551,-1
G10,G553,1
G10,G554,1
G10,G1394,1
G10,G1395,-1
G10,G1396,1
G10,G1397,1
G10,G1398,-1
G10,G1399,1
G10,G1400,1
G10,G1401,1
G10,G780,1
G10,G781,1
G10,G1051,1
G10,G788,1
G10,G789,-1
G10,G790,-1
G10,G791,-1
G10,G1402,1
G10,G10,-1
G10,G452,-1
G10,G1403,-1
G10,G1404,-1
G10,G812,-1
G10,G813,-1
G10,G814,-1
G10,G98,-1
G10,G20,-1
G10,G226,1
G10,G227,1
G10,G228,1
G10,G1405,1
G10,G1406,-1
G10,G241,-1
G10,G242,-1
G10,G243,-1
G10,G244,-1
G10,G245,-1
G10,G1407,-1
G10,G1408,-1
G10,G1409,-1
G10,G1410,-1
G10,G1082,-1
G10,G15,-1
G10,G847,1
G10,G858,1
G10,G859,1
G10,G860,1
G10,G96,1
G10,G861,1
G10,G97,1
G10,G19,-1
G10,G880,1
G10,G1411,-1
G10,G1412,-1
G10,G1413,-1
G10,G615,-1
G10,G616,-1
G10,G1414,-1
G10,G1415,1
G10,G888,1
G10,G889,1
G10,G1416,1
G10,G143,1
G10,G1115,-1
G10,G1417,-1
G10,G1418,-1
G10,G1419,-1
G10,G267,-1
G10,G630,-1
G10,G62,-1
G10,G1420,-1
G10,G1421,-1
G10,G52,-1
G10,G134,-1
G10,G635,-1
G10,G636,-1
G10,G637,-1
G10,G638,-1
G10,G639,-1
G10,G36,-1
G10,G1422,-1
G10,G898,-1
G10,G1423,-1
G10,G115,-1
G10,G1424,1
G10,G1425,1
G10,G1426,1
G10,G1427,1
G10,G1181,-1
G10,G915,-1
G10,G916,-1
G10,G29,-1
G10,G28,-1
G10,G304,-1
G10,G1428,-1
G10,G665,-1
G10,G671,-1
G10,G307,-1
G10,G308,-1
G10,G319,-1
G10,G320,-1
G10,G322,-1
G10,G327,-1
G10,G328,-1
G10,G420,-1
G10,G346,-1
G10,G348,-1
G10,G349,-1
G10,G350,-1
G10,G352,-1
G10,G353,-1
G10,G355,-1
G10,G356,-1
G10,G357,-1
G10,G359,-1
G10,G360,-1
G10,G362,-1
G10,G363,-1
G10,G364,-1
G10,G366,-1
G10,G367,-1
G10,G368,-1
G10,G371,-1
G10,G374,-1
G10,G383,-1
G10,G112,-1
G10,G479,-1
G10,G480,-1
G10,G481,-1
G10,G106,-1
G10,G385,1
G10,G385,-1
G10,G65,-1
G10,G1280,-1
G10,G1429,-1
G10,G1430,-1
G10,G1431,-1
G10,G1306,-1
G10,G997,1
G10,G1432,-1
G10,G1433,-1
G10,G1434,-1
G10,G1435,-1
G10,G1436,-1
G10,G1367,-1
G10,G1368,-1
G10,G1437,-1
G10,G1438,-1
G10,G1439,-1
G10,G1440,-1
G10,G1441,-1
G10,G148,-1
G10,G1442,-1
G10,G730,-1
G10,G1024,1
G10,G1443,-1
G10,G731,1
G11,G393,1
G11,G1033,1
G11,G395,1
G11,G1444,1
G11,G397,1
G11,G156,1
G11,G398,1
G11,G1445,1
G11,G399,1
G11,G1446,1
G11,G575,1
G11,G251,1
G11,G400,1
G11,G401,1
G11,G11,-1
G11,G402,1
G11,G611,-1
G11,G403,1
G11,G404,1
G11,G405,1
G11,G406,1
G11,G407,1
G11,G1447,1
G11,G1,-1
G11,G409,1
G11,G410,1
G11,G25,1
G11,G100,1
G11,G272,1
G11,G412,1
G11,G413,1
G11,G418,1
G11,G1448,1
G11,G419,1
G11,G420,1
G11,G422,1
G11,G1449,1
G11,G1450,1
G11,G1271,1
G11,G1451,1
G11,G427,1
G11,G1452,1
G12,G156,1
G12,G1053,1
G12,G1453,1
G12,G1055,1
G12,G570,1
G12,G1069,1
G12,G82,1
G12,G12,-1
G12,G575,1
G12,G400,-1
G12,G875,-1
G12,G1454,1
G12,G406,-1
G12,G1455,1
G12,G1118,1
G12,G1456,1
G12,G1457,-1
G12,G267,1
G12,G1458,1
G12,G1459,1
G12,G1460,1
G12,G940,-1
G12,G419,-1
G12,G952,-1
G12,G1461,1
G12,G1462,-1
G12,G1241,1
G12,G422,-1
G12,G682,1
G12,G683,1
G12,G1463,1
G12,G1464,1
G12,G1465,1
G12,G1466,1
G12,G1467,1
G12,G1304,1
G12,G1468,1
G12,G1469,-1
G12,G425,1
G12,G425,-1
G12,G1325,1
G12,G1385,-1
G12,G1470,1
G13,G1036,1
G13,G1471,-1
G13,G3,1
G13,G457,1
G13,G1472,1
G13,G1473,1
G13,G1474,1
G13,G1475,1
G13,G1476,1
G13,G1477,1
G13,G1478,1
G13,G1479,1
G13,G1480,1
G13,G1481,1
G13,G1482,1
G13,G1483,1
G13,G1484,1
G13,G1485,1
G13,G13,1
G13,G1486,1
G13,G1487,1
G13,G1488,1
G13,G573,1
G13,G574,1
G13,G577,1
G13,G578,1
G13,G579,1
G13,G1489,-1
G13,G867,1
G13,G867,-1
G13,G868,1
G13,G868,-1
G13,G869,1
G13,G869,-1
G13,G870,1
G13,G870,-1
G13,G871,1
G13,G871,-1
G13,G1093,-1
G13,G1490,1
G13,G1144,1
G13,G1491,1
G13,G29,1
G13,G28,1
G13,G1492,1
G13,G1493,1
G13,G1206,-1
G13,G116,-1
G13,G1494,1
G13,G46,1
G13,G1495,1
G13,G1496,1
G13,G1497,1
G13,G127,-1
G13,G1429,1
G13,G1498,1
G13,G1315,1
G13,G1014,1
G14,G1389,1
G14,G14,-1
G14,G1499,1
G14,G1500,1
G14,G1501,1
G14,G1502,1
G14,G1044,1
G14,G1503,1
G14,G1390,1
G14,G1504,1
G14,G1391,1
G14,G1392,1
G14,G1393,1
G14,G661,-1
G14,G1505,1
G14,G1230,1
G14,G1506,1
G14,G1507,1
G14,G674,1
G14,G684,-1
G14,G685,-1
G14,G686,-1
G14,G687,-1
G14,G1508,1
G14,G1509,-1
G14,G1510,1
G14,G109,1
G14,G1511,1
G14,G1512,1
G15,G1513,1
G15,G1514,1
G15,G1074,1
G15,G1407,1
G15,G1417,1
G15,G1418,1
G15,G1419,1
G15,G270,1
G15,G1420,1
G15,G271,1
G15,G474,1
G15,G28,-1
G15,G475,1
G15,G1515,1
G15,G383,-1
G15,G476,1
G15,G1516,1
G15,G1517,1
G15,G1518,1
G15,G386,1
G15,G65,1
G15,G1280,1
G15,G488,1
G15,G489,1
G16,G1398,1
G16,G780,-1
G16,G781,-1
G16,G98,1
G16,G16,1
G17,G532,1
G17,G533,1
G17,G733,-1
G17,G734,-1
G17,G535,-1
G17,G536,-1
G17,G735,-1
G17,G537,1
G17,G393,-1
G17,G737,-1
G17,G1519,1
G17,G87,1
G17,G17,1
G17,G38,1
G17,G1520,-1
G17,G1521,-1
G17,G1522,-1
G17,G90,-1
G17,G1523,-1
G17,G1033,-1
G17,G1034,-1
G17,G183,1
G17,G544,1
G17,G545,1
G17,G546,1
G17,G547,1
G17,G185,-1
G17,G186,-1
G17,G187,-1
G17,G188,-1
G17,G189,-1
G17,G548,1
G17,G199,-1
G17,G200,-1
G17,G396,-1
G17,G6,-1
G17,G559,-1
G17,G201,1
G17,G397,-1
G17,G205,-1
G17,G206,-1
G17,G207,-1
G17,G798,-1
G17,G799,-1
G17,G803,-1
G17,G564,1
G17,G217,1
G17,G218,1
G17,G219,1
G17,G220,1
G17,G221,1
G17,G222,1
G17,G1058,-1
G17,G811,-1
G17,G1524,-1
G17,G1525,-1
G17,G225,-1
G17,G820,1
G17,G824,-1
G17,G240,-1
G17,G1526,-1
G17,G505,1
G17,G505,-1
G17,G506,-1
G17,G507,-1
G17,G508,-1
G17,G509,-1
G17,G1527,-1
G17,G249,1
G17,G1076,1
G17,G837,1
G17,G1077,1
G17,G576,1
G17,G251,-1
G17,G50,-1
G17,G841,-1
G17,G1528,1
G17,G583,-1
G17,G584,-1
G17,G585,-1
G17,G586,-1
G17,G589,-1
G17,G590,-1
G17,G591,-1
G17,G592,-1
G17,G593,-1
G17,G595,-1
G17,G596,-1
G17,G597,1
G17,G597,-1
G17,G598,1
G17,G598,-1
G17,G599,1
G17,G599,-1
G17,G600,1
G17,G600,-1
G17,G401,-1
G17,G1529,-1
G17,G601,1
G17,G601,-1
G17,G602,1
G17,G602,-1
G17,G603,1
G17,G603,-1
G17,G604,1
G17,G604,-1
G17,G609,-1
G17,G1530,-1
G17,G1454,-1
G17,G611,-1
G17,G617,1
G17,G622,1
G17,G622,-1
G17,G886,-1
G17,G407,-1
G17,G627,-1
G17,G628,-1
G17,G1531,-1
G17,G1532,1
G17,G1533,1
G17,G266,-1
G17,G1534,1
G17,G890,1
G17,G629,1
G17,G1535,-1
G17,G1120,-1
G17,G1536,1
G17,G411,-1
G17,G52,1
G17,G635,1
G17,G636,1
G17,G637,1
G17,G638,1
G17,G639,1
G17,G1537,-1
G17,G1538,-1
G17,G1539,-1
G17,G1140,-1
G17,G1144,-1
G17,G1145,-1
G17,G275,-1
G17,G276,-1
G17,G1540,1
G17,G1541,-1
G17,G1542,-1
G17,G1543,-1
G17,G1544,-1
G17,G1545,-1
G17,G1546,-1
G17,G1547,-1
G17,G900,-1
G17,G1548,-1
G17,G113,-1
G17,G1549,-1
G17,G905,1
G17,G1550,-1
G17,G1174,-1
G17,G1551,-1
G17,G287,-1
G17,G288,-1
G17,G289,-1
G17,G290,-1
G17,G291,-1
G17,G292,-1
G17,G293,-1
G17,G294,-1
G17,G295,-1
G17,G296,-1
G17,G297,-1
G17,G652,-1
G17,G909,1
G17,G28,1
G17,G1186,-1
G17,G303,-1
G17,G928,-1
G17,G929,-1
G17,G930,-1
G17,G931,-1
G17,G932,-1
G17,G662,1
G17,G145,-1
G17,G1198,-1
G17,G665,1
G17,G1552,1
G17,G946,-1
G17,G1553,-1
G17,G111,1
G17,G420,1
G17,G1554,1
G17,G954,-1
G17,G383,1
G17,G1555,-1
G17,G1556,1
G17,G956,-1
G17,G1557,-1
G17,G674,1
G17,G675,-1
G17,G676,-1
G17,G677,-1
G17,G678,-1
G17,G679,-1
G17,G680,-1
G17,G681,1
G17,G1558,-1
G17,G688,-1
G17,G689,-1
G17,G969,-1
G17,G970,-1
G17,G690,-1
G17,G1559,-1
G17,G1560,-1
G17,G1561,-1
G17,G1562,-1
G17,G133,1
G17,G995,-1
G17,G1563,-1
G17,G1564,-1
G17,G1565,-1
G17,G27,-1
G17,G1566,-1
G17,G1567,-1
G17,G1568,1
G17,G1569,-1
G18,G1570,-1
G18,G1571,-1
G19,G1406,1
G19,G1407,1
G19,G19,1
G20,G533,-1
G20,G734,1
G20,G175,1
G20,G175,-1
G20,G130,-1
G20,G177,1
G20,G177,-1
G20,G1572,-1
G20,G1573,-1
G20,G38,1
G20,G38,-1
G20,G1574,-1
G20,G1520,1
G20,G749,1
G20,G749,-1
G20,G429,1
G20,G429,-1
G20,G1040,1
G20,G1575,1
G20,G538,1
G20,G538,-1
G20,G539,1
G20,G1576,-1
G20,G1577,-1
G20,G1578,-1
G20,G1579,1
G20,G1579,-1
G20,G1580,-1
G20,G1033,1
G20,G1034,1
G20,G1581,1
G20,G14,-1
G20,G1582,-1
G20,G1583,-1
G20,G192,-1
G20,G548,1
G20,G548,-1
G20,G1584,-1
G20,G1585,1
G20,G1586,1
G20,G396,1
G20,G1394,1
G20,G1396,1
G20,G1397,1
G20,G1398,1
G20,G1399,1
G20,G1400,1
G20,G1401,1
G20,G555,-1
G20,G556,-1
G20,G1587,-1
G20,G559,1
G20,G788,1
G20,G560,1
G20,G441,-1
G20,G796,-1
G20,G202,1
G20,G1588,1
G20,G203,1
G20,G204,1
G20,G561,1
G20,G562,1
G20,G1052,-1
G20,G1589,-1
G20,G1590,-1
G20,G1591,-1
G20,G1592,-1
G20,G1593,-1
G20,G1403,1
G20,G1403,-1
G20,G1404,1
G20,G1404,-1
G20,G1594,-1
G20,G224,1
G20,G224,-1
G20,G1060,1
G20,G1060,-1
G20,G98,1
G20,G98,-1
G20,G1595,-1
G20,G1596,-1
G20,G1064,-1
G20,G1597,1
G20,G1597,-1
G20,G1065,1
G20,G1065,-1
G20,G1066,-1
G20,G20,-1
G20,G1067,-1
G20,G60,1
G20,G820,-1
G20,G1598,-1
G20,G827,-1
G20,G1599,1
G20,G1599,-1
G20,G1070,-1
G20,G1600,-1
G20,G434,-1
G20,G1601,-1
G20,G1072,-1
G20,G456,-1
G20,G1073,1
G20,G505,-1
G20,G506,-1
G20,G507,-1
G20,G508,-1
G20,G509,-1
G20,G1407,1
G20,G1407,-1
G20,G1602,-1
G20,G1603,-1
G20,G1604,-1
G20,G1485,1
G20,G837,-1
G20,G1077,1
G20,G1078,-1
G20,G580,1
G20,G580,-1
G20,G1605,1
G20,G847,1
G20,G1606,-1
G20,G1607,1
G20,G1607,-1
G20,G174,-1
G20,G1608,-1
G20,G1088,-1
G20,G852,1
G20,G852,-1
G20,G1609,1
G20,G853,1
G20,G853,-1
G20,G1610,-1
G20,G1611,1
G20,G11,1
G20,G1612,1
G20,G1613,1
G20,G258,-1
G20,G1614,-1
G20,G1092,-1
G20,G437,1
G20,G437,-1
G20,G2,1
G20,G2,-1
G20,G1615,-1
G20,G1616,-1
G20,G1617,-1
G20,G444,1
G20,G1618,-1
G20,G1619,1
G20,G1620,-1
G20,G1621,1
G20,G1621,-1
G20,G1622,-1
G20,G1623,1
G20,G1623,-1
G20,G1107,1
G20,G1107,-1
G20,G1624,-1
G20,G1109,1
G20,G1625,1
G20,G1626,-1
G20,G888,1
G20,G889,1
G20,G626,-1
G20,G445,1
G20,G445,-1
G20,G1627,-1
G20,G1416,1
G20,G1416,-1
G20,G628,1
G20,G266,-1
G20,G1417,-1
G20,G1418,-1
G20,G1419,-1
G20,G1628,1
G20,G1628,-1
G20,G891,1
G20,G891,-1
G20,G892,-1
G20,G1535,-1
G20,G631,1
G20,G631,-1
G20,G1629,-1
G20,G1630,1
G20,G270,-1
G20,G1631,-1
G20,G633,1
G20,G1125,1
G20,G1125,-1
G20,G1128,1
G20,G1632,1
G20,G134,1
G20,G1537,-1
G20,G273,1
G20,G1633,1
G20,G1633,-1
G20,G1634,1
G20,G1634,-1
G20,G1538,1
G20,G1538,-1
G20,G1134,-1
G20,G1635,1
G20,G1636,-1
G20,G1637,1
G20,G274,-1
G20,G1144,1
G20,G1145,1
G20,G1638,-1
G20,G1639,1
G20,G645,1
G20,G141,-1
G20,G1640,1
G20,G1641,-1
G20,G1642,1
G20,G1643,-1
G20,G1644,-1
G20,G1164,-1
G20,G1645,1
G20,G1646,1
G20,G165,1
G20,G1647,1
G20,G1168,1
G20,G1424,1
G20,G1648,-1
G20,G108,1
G20,G527,-1
G20,G1551,-1
G20,G1649,1
G20,G287,-1
G20,G16,1
G20,G1650,-1
G20,G1651,-1
G20,G656,1
G20,G914,1
G20,G29,1
G20,G29,-1
G20,G1186,1
G20,G1652,1
G20,G1653,1
G20,G1654,1
G20,G1655,1
G20,G475,1
G20,G1656,1
G20,G1657,-1
G20,G530,1
G20,G1658,1
G20,G1197,-1
G20,G1198,-1
G20,G1659,1
G20,G1660,1
G20,G417,-1
G20,G1552,-1
G20,G1661,-1
G20,G1662,1
G20,G1663,-1
G20,G306,-1
G20,G307,-1
G20,G308,-1
G20,G319,-1
G20,G320,-1
G20,G321,-1
G20,G322,-1
G20,G326,-1
G20,G327,-1
G20,G328,-1
G20,G338,-1
G20,G420,-1
G20,G347,-1
G20,G348,-1
G20,G349,-1
G20,G350,-1
G20,G351,-1
G20,G352,-1
G20,G353,-1
G20,G354,-1
G20,G355,-1
G20,G356,-1
G20,G357,-1
G20,G358,-1
G20,G359,-1
G20,G360,-1
G20,G361,-1
G20,G362,-1
G20,G363,-1
G20,G364,-1
G20,G365,-1
G20,G366,-1
G20,G367,-1
G20,G368,-1
G20,G371,-1
G20,G374,-1
G20,G1516,1
G20,G1664,1
G20,G1665,1
G20,G959,1
G20,G1225,1
G20,G1227,1
G20,G1231,1
G20,G1238,1
G20,G1666,-1
G20,G1667,1
G20,G1668,-1
G20,G1669,-1
G20,G1670,1
G20,G1671,1
G20,G1671,-1
G20,G1672,1
G20,G1672,-1
G20,G1673,-1
G20,G421,-1
G20,G422,-1
G20,G1674,-1
G20,G1255,1
G20,G1675,1
G20,G1517,-1
G20,G1676,-1
G20,G1677,1
G20,G385,-1
G20,G1261,-1
G20,G172,1
G20,G1678,1
G20,G423,1
G20,G1679,1
G20,G1290,1
G20,G63,1
G20,G63,-1
G20,G1680,1
G20,G424,1
G20,G424,-1
G20,G1299,1
G20,G1681,-1
G20,G1682,1
G20,G1683,1
G20,G1684,-1
G20,G109,1
G20,G9,1
G20,G1685,1
G20,G1686,-1
G20,G705,-1
G20,G1687,1
G20,G1688,-1
G20,G997,1
G20,G997,-1
G20,G1689,-1
G20,G999,1
G20,G1690,-1
G20,G138,1
G20,G138,-1
G20,G1691,1
G20,G1691,-1
G20,G64,-1
G20,G722,-1
G20,G1692,-1
G20,G1366,1
G20,G1693,1
G20,G1694,1
G20,G1694,-1
G20,G1695,1
G20,G1695,-1
G20,G1374,1
G20,G1696,1
G20,G1378,1
G20,G1378,-1
G20,G1380,1
G20,G1380,-1
G20,G1014,-1
G20,G1697,-1
G20,G1698,1
G20,G1698,-1
G20,G1443,-1
G20,G1699,1
G21,G612,1
G21,G624,1
G21,G708,1
G21,G709,1
G21,G710,1
G21,G711,1
G21,G712,1
G21,G713,1
G21,G714,1
G21,G715,1
G21,G21,1
G21,G716,1
G22,G552,1
G22,G22,1
G22,G496,1
G22,G497,1
G22,G498,1
G22,G499,1
G22,G500,1
G22,G501,1
G22,G502,1
G22,G503,1
G22,G1700,1
G22,G566,1
G22,G567,1
G22,G568,1
G22,G569,1
G22,G612,1
G22,G624,1
G22,G1701,1
G22,G1702,1
G22,G708,1
G22,G709,1
G22,G710,1
G22,G711,1
G22,G712,1
G22,G713,1
G22,G714,1
G22,G715,1
G22,G21,1
G22,G716,1
G22,G531,1
G23,G1703,1
G23,G1704,1
G23,G1705,1
G23,G1706,1
G23,G1707,1
G23,G23,-1
G24,G890,-1
G24,G909,-1
G25,G393,1
G25,G395,1
G25,G397,1
G25,G812,-1
G25,G813,-1
G25,G814,-1
G25,G398,1
G25,G1445,1
G25,G399,1
G25,G575,1
G25,G1708,-1
G25,G50,1
G25,G400,1
G25,G401,1
G25,G402,1
G25,G876,1
G25,G403,1
G25,G404,1
G25,G405,1
G25,G406,1
G25,G407,1
G25,G1,-1
G25,G1417,-1
G25,G1418,-1
G25,G1419,-1
G25,G409,1
G25,G410,1
G25,G25,1
G25,G100,1
G25,G272,1
G25,G412,1
G25,G413,1
G25,G1423,-1
G25,G418,1
G25,G419,1
G25,G420,1
G25,G422,1
G25,G1449,1
G25,G1450,1
G25,G1709,1
G25,G1710,1
G25,G1711,1
G25,G1561,1
G25,G427,1
G26,G217,-1
G26,G218,-1
G26,G219,-1
G26,G220,-1
G26,G221,-1
G26,G222,-1
G26,G1455,1
G26,G522,-1
G26,G523,-1
G26,G524,-1
G26,G525,-1
G26,G526,-1
G26,G527,-1
G26,G1712,-1
G26,G528,-1
G26,G1713,1
G26,G1714,1
G26,G1715,-1
G26,G1463,1
G26,G1464,1
G26,G1465,1
G26,G1466,1
G26,G1467,1
G26,G1716,-1
G26,G1717,-1
G26,G26,-1
G26,G1718,1
G26,G1719,1
G27,G1553,1
G27,G1555,1
G27,G1563,1
G27,G1564,1
G27,G1565,1
G27,G27,-1
G28,G1575,1
G28,G1720,-1
G28,G1033,1
G28,G1034,1
G28,G10,1
G28,G811,1
G28,G1721,1
G28,G1722,-1
G28,G1622,1
G28,G1417,1
G28,G1417,-1
G28,G1418,1
G28,G1418,-1
G28,G1419,1
G28,G1419,-1
G28,G270,1
G28,G1420,1
G28,G52,1
G28,G646,1
G28,G1423,1
G28,G656,1
G28,G915,1
G28,G916,1
G28,G29,1
G28,G29,-1
G28,G28,1
G28,G383,1
G28,G1516,1
G28,G1723,1
G28,G386,1
G28,G1724,-1
G28,G1679,-1
G28,G1288,-1
G28,G1725,-1
G29,G1417,1
G29,G1417,-1
G29,G1418,1
G29,G1418,-1
G29,G1419,1
G29,G1419,-1
G29,G270,1
G29,G270,-1
G29,G52,1
G29,G1423,-1
G29,G915,1
G29,G916,1
G29,G29,-1
G29,G28,1
G29,G28,-1
G29,G383,1
G29,G383,-1
G29,G1516,-1
G29,G386,1
G29,G386,-1
G30,G965,1
G30,G1026,1
G30,G1027,1
G30,G1028,1
G30,G1029,1
G30,G1030,1
G31,G1726,1
G31,G1727,1
G32,G1728,-1
G32,G14,1
G32,G396,1
G32,G795,1
G32,G1729,1
G32,G796,1
G32,G797,1
G32,G1730,1
G32,G1731,1
G32,G1732,1
G32,G1733,1
G32,G829,1
G32,G1073,1
G32,G32,1
G32,G32,-1
G32,G1487,1
G32,G1487,-1
G32,G1734,1
G32,G1735,1
G32,G402,1
G32,G403,1
G32,G404,1
G32,G1736,1
G32,G887,1
G32,G1417,1
G32,G1418,1
G32,G1419,1
G32,G1420,1
G32,G52,1
G32,G412,-1
G32,G413,-1
G32,G24,-1
G32,G29,1
G32,G1737,1
G32,G1238,1
G32,G1738,1
G32,G1675,-1
G32,G65,-1
G32,G1280,-1
G32,G133,1
G32,G1739,1
G32,G1739,-1
G32,G1452,1
G32,G1740,-1
G33,G532,-1
G33,G533,1
G33,G175,-1
G33,G538,-1
G33,G544,1
G33,G545,1
G33,G190,1
G33,G195,-1
G33,G196,-1
G33,G197,-1
G33,G552,-1
G33,G555,-1
G33,G556,-1
G33,G557,-1
G33,G558,-1
G33,G201,-1
G33,G217,-1
G33,G218,-1
G33,G219,-1
G33,G220,-1
G33,G221,-1
G33,G222,-1
G33,G235,1
G33,G236,1
G33,G237,1
G33,G238,1
G33,G239,1
G33,G241,1
G33,G242,1
G33,G243,1
G33,G247,1
G33,G249,-1
G33,G575,1
G33,G611,-1
G33,G617,-1
G33,G618,1
G33,G619,1
G33,G620,1
G33,G622,-1
G33,G627,-1
G33,G628,-1
G33,G629,1
G33,G164,-1
G33,G275,1
G33,G276,1
G33,G277,1
G33,G277,-1
G33,G1541,-1
G33,G1542,-1
G33,G1543,-1
G33,G1544,-1
G33,G1545,-1
G33,G1546,-1
G33,G1547,-1
G33,G1150,-1
G33,G1741,-1
G33,G280,1
G33,G280,-1
G33,G281,1
G33,G281,-1
G33,G282,1
G33,G282,-1
G33,G283,1
G33,G283,-1
G33,G284,1
G33,G284,-1
G33,G285,1
G33,G285,-1
G33,G515,-1
G33,G516,-1
G33,G517,-1
G33,G518,-1
G33,G519,-1
G33,G520,-1
G33,G521,-1
G33,G522,-1
G33,G523,-1
G33,G524,-1
G33,G525,-1
G33,G526,-1
G33,G527,-1
G33,G647,-1
G33,G648,-1
G33,G649,-1
G33,G650,-1
G33,G651,-1
G33,G287,1
G33,G288,1
G33,G289,1
G33,G290,1
G33,G291,1
G33,G292,1
G33,G293,1
G33,G294,1
G33,G295,1
G33,G296,1
G33,G297,1
G33,G528,-1
G33,G529,-1
G33,G1742,-1
G33,G663,-1
G33,G112,-1
G33,G675,-1
G33,G676,-1
G33,G677,-1
G33,G678,-1
G33,G679,-1
G33,G680,-1
G33,G682,1
G33,G683,1
G33,G1280,1
G33,G693,-1
G33,G694,-1
G33,G695,-1
G33,G696,-1
G33,G697,-1
G33,G698,-1
G33,G699,-1
G33,G700,-1
G33,G701,-1
G33,G702,-1
G33,G703,-1
G33,G389,1
G33,G390,1
G33,G717,-1
G33,G1566,-1
G33,G158,-1
G33,G727,-1
G33,G728,1
G34,G190,1
G34,G552,1
G34,G217,-1
G34,G218,-1
G34,G219,-1
G34,G220,-1
G34,G221,-1
G34,G222,-1
G34,G241,1
G34,G242,1
G34,G243,1
G34,G575,1
G34,G618,-1
G34,G619,-1
G34,G620,-1
G34,G277,1
G34,G280,1
G34,G281,1
G34,G282,1
G34,G283,1
G34,G284,1
G34,G285,1
G34,G515,1
G34,G515,-1
G34,G516,1
G34,G516,-1
G34,G517,1
G34,G517,-1
G34,G518,1
G34,G518,-1
G34,G519,1
G34,G519,-1
G34,G520,1
G34,G520,-1
G34,G521,1
G34,G521,-1
G34,G522,1
G34,G522,-1
G34,G523,1
G34,G523,-1
G34,G524,1
G34,G524,-1
G34,G525,1
G34,G525,-1
G34,G526,1
G34,G526,-1
G34,G527,1
G34,G527,-1
G34,G528,1
G34,G528,-1
G34,G529,1
G34,G529,-1
G34,G663,-1
G34,G682,1
G34,G683,1
G34,G1280,-1
G34,G698,-1
G34,G699,-1
G34,G700,-1
G34,G701,-1
G34,G702,-1
G34,G703,-1
G34,G389,1
G34,G390,1
G34,G717,-1
G34,G728,1
G35,G972,-1
G35,G973,-1
G35,G974,-1
G35,G975,-1
G35,G976,-1
G35,G977,-1
G35,G978,-1
G35,G979,-1
G35,G980,-1
G35,G981,-1
G35,G982,-1
G35,G35,-1
G35,G1743,-1
G36,G446,1
G36,G52,1
G36,G36,1
G36,G1422,1
G36,G915,1
G36,G916,1
G36,G672,1
G36,G65,1
G36,G1280,1
G36,G1317,1
G36,G706,1
G36,G1323,1
G36,G1324,1
G36,G1744,1
G36,G1745,1
G36,G1746,1
G37,G37,-1
G37,G832,-1
G37,G1747,-1
G37,G1748,-1
G37,G412,-1
G37,G413,-1
G38,G1388,-1
G38,G1573,-1
G38,G1749,-1
G38,G1750,-1
G38,G1728,-1
G38,G1751,-1
G38,G748,-1
G38,G1752,-1
G38,G38,-1
G38,G1753,-1
G38,G432,1
G38,G183,-1
G38,G184,-1
G38,G1754,-1
G38,G1755,-1
G38,G1514,-1
G38,G561,-1
G38,G562,-1
G38,G1052,1
G38,G1402,-1
G38,G223,-1
G38,G20,-1
G38,G246,-1
G38,G1075,-1
G38,G250,-1
G38,G257,-1
G38,G1756,1
G38,G263,-1
G38,G264,-1
G38,G1757,-1
G38,G1415,-1
G38,G1758,-1
G38,G1108,-1
G38,G1759,-1
G38,G267,-1
G38,G633,-1
G38,G134,-1
G38,G1760,1
G38,G1633,-1
G38,G1634,-1
G38,G1761,-1
G38,G1762,-1
G38,G1763,-1
G38,G1538,-1
G38,G900,1
G38,G1425,-1
G38,G1426,-1
G38,G340,-1
G38,G1764,1
G38,G1765,-1
G38,G1766,1
G38,G1767,1
G38,G1768,1
G38,G1769,1
G38,G424,1
G38,G1306,-1
G38,G1686,-1
G38,G1770,1
G38,G1364,-1
G39,G456,1
G39,G457,1
G40,G1771,1
G40,G1570,1
G40,G1571,1
G40,G157,1
G40,G1772,1
G40,G1773,1
G40,G199,-1
G40,G200,-1
G40,G396,-1
G40,G40,1
G40,G42,1
G40,G1774,1
G40,G1775,1
G40,G1119,-1
G40,G1776,1
G40,G411,-1
G40,G1777,1
G40,G956,-1
G40,G1557,-1
G41,G1513,-1
G41,G1587,1
G41,G1587,-1
G41,G1514,-1
G41,G1145,1
G41,G29,1
G41,G954,1
G41,G1516,1
G42,G733,-1
G42,G734,-1
G42,G735,-1
G42,G42,-1
G43,G393,-1
G43,G43,1
G43,G43,-1
G43,G198,1
G43,G198,-1
G43,G211,-1
G43,G212,-1
G43,G244,1
G43,G244,-1
G43,G245,1
G43,G245,-1
G43,G1078,1
G43,G254,1
G43,G254,-1
G43,G1778,-1
G43,G460,-1
G43,G1779,-1
G43,G304,1
G43,G304,-1
G44,G753,-1
G44,G754,-1
G44,G755,-1
G44,G51,-1
G44,G756,-1
G44,G1780,-1
G44,G759,-1
G44,G1395,1
G44,G1781,1
G44,G1781,-1
G44,G821,-1
G44,G822,-1
G44,G823,-1
G44,G829,-1
G44,G830,-1
G44,G831,-1
G44,G44,-1
G44,G1782,-1
G44,G839,-1
G44,G840,-1
G44,G1783,1
G44,G1783,-1
G44,G1620,-1
G44,G135,-1
G44,G911,-1
G44,G914,-1
G44,G1784,-1
G44,G1724,-1
G44,G1679,-1
G44,G1280,-1
G45,G45,-1
G45,G663,1
G45,G717,1
G46,G185,1
G46,G186,1
G46,G187,1
G46,G188,1
G46,G189,1
G46,G1492,1
G46,G1494,1
G46,G46,1
G46,G1495,1
G46,G1496,1
G46,G1497,1
G47,G47,-1
G47,G1788,-1
G47,G1789,-1
G48,G534,1
G48,G615,1
G48,G616,1
G48,G48,1
G48,G664,1
G48,G671,1
G48,G346,1
G48,G1790,1
G48,G1345,1
G48,G1791,1
G49,G1460,-1
G49,G1796,-1
G49,G1304,-1
G49,G1468,-1
G49,G1797,-1
G50,G50,-1
G50,G841,-1
G51,G753,1
G51,G753,-1
G51,G754,1
G51,G754,-1
G51,G755,1
G51,G755,-1
G51,G51,1
G51,G51,-1
G51,G756,1
G51,G756,-1
G51,G914,1
G51,G914,-1
G52,G185,1
G52,G186,1
G52,G187,1
G52,G188,1
G52,G189,1
G52,G450,1
G52,G1051,1
G52,G561,1
G52,G562,1
G52,G563,1
G52,G453,1
G52,G20,1
G52,G1708,1
G52,G1082,1
G52,G467,1
G52,G1417,1
G52,G1418,1
G52,G1419,1
G52,G270,1
G52,G1420,1
G52,G633,1
G52,G52,1
G52,G1164,1
G52,G1645,1
G52,G915,1
G52,G916,1
G52,G29,1
G52,G28,1
G52,G386,1
G52,G1443,1
G53,G1471,-1
G53,G1847,-1
G53,G912,-1
G53,G926,-1
G53,G936,-1
G53,G941,-1
G53,G942,-1
G53,G54,-1
G53,G1015,-1
G53,G1016,-1
G54,G912,1
G54,G936,1
G54,G941,-1
G54,G942,-1
G54,G54,1
G54,G1015,1
G54,G1016,1
G55,G874,-1
G55,G875,-1
G55,G670,-1
G55,G943,-1
G55,G55,-1
G55,G952,-1
G55,G56,-1
G55,G729,-1
G56,G873,-1
G56,G875,-1
G56,G897,-1
G56,G940,-1
G56,G55,-1
G56,G952,-1
G56,G56,-1
G56,G994,-1
G57,G873,-1
G57,G897,-1
G57,G994,-1
G57,G57,-1
G58,G934,-1
G58,G935,-1
G58,G1848,-1
G58,G1010,-1
G58,G1011,-1
G58,G1012,-1
G58,G1013,-1
G59,G1849,-1
G59,G430,-1
G59,G431,-1
G59,G434,-1
G59,G1850,-1
G59,G1851,-1
G59,G1852,-1
G59,G1853,-1
G59,G1854,-1
G59,G59,-1
G59,G438,-1
G59,G1855,-1
G60,G815,1
G60,G226,1
G60,G227,1
G60,G228,1
G60,G816,1
G60,G817,1
G60,G571,1
G60,G572,1
G60,G1856,1
G60,G887,1
G61,G535,-1
G61,G536,-1
G61,G185,-1
G61,G186,-1
G61,G187,-1
G61,G188,-1
G61,G189,-1
G61,G1857,-1
G61,G1858,-1
G61,G774,1
G61,G775,1
G61,G776,1
G61,G777,1
G61,G778,1
G61,G1513,-1
G61,G1859,-1
G61,G1587,-1
G61,G1860,-1
G61,G1514,-1
G61,G1731,-1
G61,G451,-1
G61,G225,-1
G61,G1861,-1
G61,G1862,-1
G61,G1802,-1
G61,G1863,-1
G61,G1864,-1
G61,G1865,-1
G61,G240,-1
G61,G146,-1
G61,G1866,-1
G61,G61,-1
G61,G1553,-1
G61,G1555,-1
G61,G1563,-1
G61,G1564,-1
G61,G1565,-1
G62,G780,-1
G62,G781,-1
G62,G561,1
G62,G562,1
G62,G633,1
G63,G1867,-1
G63,G1868,-1
G63,G98,1
G63,G1115,1
G63,G1145,1
G63,G1181,1
G63,G937,-1
G63,G938,-1
G63,G939,-1
G63,G954,1
G63,G385,1
G63,G972,1
G63,G973,1
G63,G974,1
G63,G975,1
G63,G976,1
G63,G977,1
G63,G978,1
G63,G979,1
G63,G980,1
G63,G981,1
G63,G982,1
G63,G63,1
G63,G1433,1
G63,G1434,1
G63,G1435,1
G63,G1436,1
G63,G1367,1
G63,G1368,1
G63,G1437,1
G63,G1438,1
G63,G1439,1
G63,G1440,1
G63,G1020,-1
G63,G1021,-1
G63,G1022,-1
G63,G1869,1
G63,G1031,-1
G64,G43,-1
G64,G1394,1
G64,G1396,1
G64,G1397,1
G64,G1399,1
G64,G1400,1
G64,G1401,1
G64,G780,1
G64,G781,1
G64,G1424,1
G64,G1870,1
G64,G127,1
G64,G127,-1
G64,G64,1
G65,G1519,1
G65,G217,1
G65,G218,1
G65,G219,1
G65,G220,1
G65,G221,1
G65,G222,1
G65,G19,1
G65,G1532,1
G65,G1533,1
G65,G52,1
G65,G1871,1
G65,G1423,1
G65,G915,1
G65,G916,1
G65,G29,1
G65,G65,-1
G66,G740,1
G66,G740,-1
G66,G741,1
G66,G741,-1
G66,G66,1
G66,G66,-1
G66,G742,1
G66,G742,-1
G66,G743,1
G66,G744,1
G66,G745,1
G66,G746,1
G66,G747,1
G66,G877,-1
G66,G878,-1
G66,G882,1
G66,G1872,-1
G66,G1873,-1
G66,G1874,-1
G66,G1875,-1
G66,G1724,-1
G66,G1679,-1
G67,G84,1
G67,G67,1
G67,G886,1
G67,G901,1
G67,G902,1
G67,G903,1
G68,G825,1
G68,G825,-1
G68,G826,1
G68,G826,-1
G68,G68,1
G68,G68,-1
G69,G752,-1
G69,G69,-1
G69,G191,-1
G69,G192,-1
G69,G193,-1
G69,G194,-1
G69,G833,-1
G69,G458,-1
G69,G460,-1
G69,G865,-1
G69,G866,-1
G69,G905,-1
G69,G968,-1
G70,G560,1
G70,G560,-1
G70,G631,1
G70,G631,-1
G70,G70,-1
G70,G645,1
G70,G645,-1
G70,G1556,1
G71,G862,1
G71,G863,1
G71,G885,1
G71,G1417,1
G71,G1418,1
G71,G1419,1
G71,G1150,1
G71,G1741,1
G71,G1742,1
G71,G28,-1
G71,G71,-1
G71,G383,-1
G72,G944,-1
G72,G1204,-1
G72,G1876,-1
G72,G1877,-1
G72,G72,-1
G72,G1001,-1
G72,G1002,-1
G72,G1003,-1
G72,G1878,-1
G72,G1879,-1
G72,G1880,-1
G73,G1395,1
G73,G234,-1
G73,G384,-1
G73,G391,-1
G73,G392,-1
G74,G74,1
G74,G74,-1
G74,G1881,1
G74,G1881,-1
G74,G1882,1
G74,G141,1
G75,G1883,-1
G75,G1884,-1
G75,G1885,-1
G75,G1886,-1
G75,G1887,-1
G76,G191,-1
G76,G192,-1
G76,G193,-1
G76,G194,-1
G76,G833,-1
G76,G865,-1
G77,G789,1
G77,G789,-1
G77,G790,1
G77,G790,-1
G77,G78,-1
G77,G77,-1
G77,G791,1
G77,G791,-1
G77,G230,-1
G77,G828,-1
G77,G231,-1
G77,G898,1
G77,G898,-1
G77,G911,-1
G78,G789,1
G78,G789,-1
G78,G790,1
G78,G790,-1
G78,G78,-1
G78,G77,-1
G78,G791,1
G78,G791,-1
G78,G230,-1
G78,G828,-1
G78,G231,-1
G78,G898,1
G78,G898,-1
G78,G911,-1
G79,G205,-1
G79,G206,-1
G79,G207,-1
G79,G798,-1
G79,G800,-1
G79,G802,-1
G79,G208,-1
G79,G209,-1
G79,G894,-1
G80,G812,-1
G80,G813,-1
G80,G814,-1
G81,G1857,-1
G81,G1888,-1
G81,G1858,-1
G81,G1513,-1
G81,G1859,-1
G81,G1587,-1
G81,G1860,-1
G81,G1514,-1
G81,G81,-1
G81,G1861,-1
G81,G1862,-1
G81,G1802,-1
G81,G1863,-1
G81,G1864,-1
G81,G1865,-1
G81,G1889,-1
G81,G1890,-1
G81,G1891,-1
G81,G1892,-1
G81,G1893,-1
G81,G1778,-1
G81,G1894,-1
G81,G1895,-1
G81,G1896,-1
G81,G1529,-1
G81,G1612,-1
G81,G1897,-1
G81,G1898,-1
G81,G1530,-1
G81,G1779,-1
G81,G1899,-1
G81,G1900,-1
G81,G1866,-1
G81,G149,-1
G81,G1901,-1
G81,G1902,-1
G81,G1903,-1
G81,G1904,-1
G81,G1905,-1
G81,G1906,-1
G81,G904,-1
G81,G1907,-1
G81,G1908,-1
G81,G1221,-1
G81,G1222,-1
G81,G1909,-1
G81,G1223,-1
G81,G1224,-1
G81,G1910,-1
G81,G1911,-1
G81,G1784,-1
G81,G1912,-1
G81,G1913,-1
G81,G1373,-1
G81,G1914,-1
G81,G1915,-1
G82,G1916,1
G82,G1916,-1
G82,G565,1
G82,G1069,1
G82,G1598,1
G82,G82,-1
G83,G183,-1
G83,G184,-1
G83,G1754,-1
G83,G560,-1
G83,G1917,-1
G83,G1916,-1
G83,G211,-1
G83,G212,-1
G83,G1708,-1
G83,G1918,-1
G83,G1734,-1
G83,G1919,-1
G83,G1920,-1
G83,G1735,-1
G83,G1921,-1
G83,G1922,-1
G83,G580,-1
G83,G581,-1
G83,G83,-1
G83,G1923,-1
G83,G252,-1
G83,G1924,-1
G83,G1925,-1
G83,G1926,-1
G83,G1927,-1
G83,G1111,-1
G83,G1112,-1
G83,G1928,-1
G83,G631,-1
G83,G1639,-1
G83,G645,-1
G84,G84,1
G84,G67,1
G85,G1929,1
G85,G85,-1
G86,G13,-1
G86,G1488,-1
G86,G1930,1
G87,G1519,1
G87,G217,1
G87,G218,1
G87,G219,1
G87,G220,1
G87,G221,1
G87,G222,1
G87,G1532,1
G87,G1533,1
G88,G1040,1
G88,G88,-1
G88,G1101,-1
G89,G1931,1
G89,G1932,1
G89,G1933,1
G89,G1934,1
G90,G1521,-1
G90,G1522,-1
G90,G90,-1
G90,G1523,-1
G91,G213,1
G91,G10,1
G92,G1935,1
G92,G1043,1
G92,G1936,1
G92,G92,-1
G93,G763,1
G93,G764,1
G93,G93,-1
G94,G765,-1
G94,G766,-1
G95,G782,1
G95,G783,1
G95,G784,1
G95,G785,1
G95,G786,1
G95,G95,1
G95,G787,1
G96,G858,1
G96,G859,1
G96,G860,1
G96,G96,1
G96,G861,1
G96,G97,1
G96,G1024,1
G97,G858,-1
G97,G859,-1
G97,G860,-1
G97,G96,-1
G97,G861,-1
G97,G97,-1
G97,G1024,-1
G98,G180,1
G98,G181,1
G98,G182,1
G98,G8,-1
G98,G98,1
G98,G98,-1
G98,G1621,1
G98,G1109,1
G98,G633,-1
G98,G1950,1
G98,G1951,1
G98,G1952,1
G98,G1245,-1
G98,G1953,-1
G98,G1954,-1
G98,G1356,-1
G98,G148,1
G98,G1442,1
G99,G442,1
G99,G99,-1
G100,G25,-1
G100,G100,-1
G100,G272,-1
G101,G1955,-1
G101,G1956,-1
G101,G837,-1
G101,G1957,-1
G102,G1958,1
G102,G1734,-1
G102,G1735,-1
G102,G842,-1
G102,G843,-1
G102,G844,-1
G102,G845,-1
G102,G846,-1
G102,G102,-1
G102,G1959,1
G102,G1960,1
G103,G428,1
G103,G397,1
G103,G401,1
G103,G103,-1
G103,G11,1
G103,G435,1
G103,G1165,1
G103,G1452,1
G104,G104,1
G104,G607,1
G104,G608,1
G104,G614,1
G104,G723,1
G104,G724,1
G104,G725,1
G105,G104,1
G105,G607,1
G105,G608,1
G105,G614,1
G105,G723,1
G105,G724,1
G105,G725,1
G106,G1803,1
G106,G1604,-1
G106,G1961,-1
G106,G1962,-1
G106,G1416,-1
G106,G143,-1
G106,G469,1
G106,G1129,1
G106,G1963,-1
G106,G1964,-1
G106,G1965,1
G106,G1966,-1
G106,G1967,-1
G106,G1968,-1
G106,G1969,-1
G106,G1826,1
G106,G479,1
G106,G480,1
G106,G481,1
G106,G106,1
G106,G482,1
G106,G483,1
G106,G1970,-1
G106,G1971,-1
G107,G107,-1
G107,G818,-1
G107,G819,-1
G108,G108,1
G109,G661,1
G109,G1505,1
G109,G1230,1
G109,G1506,1
G109,G1507,1
G109,G684,1
G109,G685,1
G109,G686,1
G109,G687,1
G110,G1972,1
G110,G1973,1
G111,G66,-1
G111,G877,1
G111,G878,1
G111,G879,1
G111,G300,1
G111,G301,1
G111,G305,1
G111,G111,1
G112,G635,1
G112,G636,1
G112,G637,1
G112,G638,1
G112,G639,1
G112,G640,1
G112,G641,1
G112,G642,1
G112,G643,1
G112,G665,1
G113,G1548,1
G113,G1548,-1
G113,G113,1
G113,G113,-1
G113,G1549,1
G113,G1549,-1
G114,G732,1
G114,G550,1
G114,G202,1
G114,G1588,1
G114,G114,1
G114,G250,1
G114,G1975,1
G114,G460,1
G114,G1976,1
G114,G862,1
G114,G863,1
G114,G1416,1
G114,G1977,1
G114,G1978,1
G114,G1979,1
G114,G29,1
G114,G55,1
G114,G1662,1
G114,G1980,1
G114,G1981,1
G114,G1982,1
G114,G492,1
G114,G1983,1
G115,G561,1
G115,G562,1
G115,G270,1
G115,G1421,1
G115,G633,1
G115,G28,1
G115,G383,1
G115,G386,1
G116,G116,-1
G116,G961,1
G116,G962,1
G116,G963,1
G116,G964,1
G117,G117,-1
G117,G1984,1
G117,G1985,1
G117,G1986,1
G117,G1386,1
G117,G1987,1
G118,G1471,-1
G118,G1847,-1
G119,G1988,-1
G119,G1989,-1
G119,G1990,-1
G119,G1991,-1
G119,G1235,-1
G119,G1992,-1
G119,G1993,-1
G119,G1236,-1
G120,G984,-1
G120,G120,-1
G120,G985,-1
G120,G986,-1
G120,G987,-1
G120,G988,-1
G120,G989,-1
G120,G990,-1
G120,G991,-1
G121,G446,1
G121,G621,1
G121,G470,1
G121,G121,1
G121,G414,1
G121,G484,1
G121,G485,1
G121,G486,1
G121,G487,1
G122,G1996,1
G122,G1261,1
G122,G122,-1
G123,G780,-1
G123,G781,-1
G123,G103,-1
G123,G11,-1
G123,G25,-1
G123,G100,-1
G123,G272,-1
G123,G412,-1
G123,G413,-1
G123,G123,-1
G123,G420,-1
G124,G183,-1
G124,G184,-1
G124,G124,-1
G125,G750,-1
G125,G751,-1
G125,G1056,-1
G125,G116,-1
G125,G421,-1
G126,G126,-1
G126,G2016,-1
G126,G847,-1
G126,G956,-1
G126,G2017,-1
G126,G2018,-1
G127,G2019,1
G127,G1023,1
G128,G128,1
G128,G2020,-1
G128,G2021,-1
G128,G2022,-1
G128,G2023,-1
G128,G2024,-1
G128,G2025,-1
G128,G2026,-1
G129,G2027,1
G129,G2027,-1
G129,G1755,1
G129,G1755,-1
G129,G1401,1
G129,G2028,-1
G129,G1071,-1
G129,G2029,-1
G129,G469,1
G129,G479,1
G129,G480,1
G129,G481,1
G129,G106,1
G130,G130,-1
G131,G131,-1
G131,G2030,-1
G131,G2031,-1
G132,G2032,-1
G132,G2033,-1
G132,G1942,1
G132,G132,-1
G132,G1946,1
G133,G235,1
G133,G236,1
G133,G237,1
G133,G238,1
G133,G457,-1
G133,G479,-1
G133,G480,-1
G133,G481,-1
G133,G106,-1
G133,G1429,1
G134,G180,-1
G134,G181,-1
G134,G182,-1
G134,G98,-1
G134,G226,1
G134,G227,1
G134,G228,1
G134,G134,-1
G134,G371,-1
G135,G537,1
G135,G1780,1
G135,G226,-1
G135,G227,-1
G135,G228,-1
G135,G2037,1
G135,G2038,1
G135,G2039,1
G135,G2040,1
G135,G2041,1
G135,G2042,1
G135,G2043,1
G135,G2044,1
G135,G2045,1
G136,G412,-1
G136,G413,-1
G137,G137,-1
G137,G2046,-1
G137,G2047,-1
G139,G2049,1
G139,G1358,1
G140,G8,1
G140,G2050,1
G140,G1212,1
G140,G2051,1
G140,G479,1
G140,G480,1
G140,G481,1
G140,G106,1
G140,G2052,1
G141,G141,-1
G142,G142,-1
G142,G1216,-1
G143,G780,-1
G143,G781,-1
G143,G266,-1
G143,G1417,-1
G143,G1418,-1
G143,G1419,-1
G143,G469,-1
G143,G270,-1
G143,G52,-1
G143,G1643,-1
G143,G140,-1
G143,G915,-1
G143,G916,-1
G143,G479,-1
G143,G480,-1
G143,G481,-1
G143,G106,-1
G143,G482,-1
G143,G483,-1
G143,G386,-1
G144,G2057,1
G144,G1395,1
G144,G451,1
G144,G50,-1
G144,G1132,1
G144,G1870,1
G144,G479,1
G144,G480,1
G144,G481,1
G144,G106,1
G144,G387,1
G144,G2058,1
G144,G64,1
G144,G1452,-1
G145,G737,-1
G145,G900,-1
G145,G145,-1
G145,G688,-1
G145,G689,-1
G145,G969,-1
G145,G970,-1
G146,G1857,-1
G146,G1858,-1
G146,G1513,-1
G146,G1859,-1
G146,G1587,-1
G146,G1860,-1
G146,G1514,-1
G146,G1861,-1
G146,G1862,-1
G146,G1802,-1
G146,G1863,-1
G146,G1864,-1
G146,G1865,-1
G146,G146,-1
G146,G1866,-1
G146,G1101,-1
G147,G147,-1
G148,G780,-1
G148,G781,-1
G148,G456,-1
G148,G1617,-1
G148,G2072,-1
G148,G1332,-1
G149,G872,1
G149,G2073,1
G149,G2074,1
G149,G955,1
G149,G1280,1
G150,G1657,1
G150,G2081,1
G150,G150,1
G150,G2082,1
G150,G2083,1
G150,G1694,1
G151,G2093,-1
G151,G2094,-1
G151,G151,-1
G152,G1388,1
G152,G1520,1
G152,G202,1
G152,G202,-1
G152,G152,1
G152,G152,-1
G152,G1588,1
G152,G1588,-1
G152,G203,1
G152,G203,-1
G152,G2084,1
G152,G2084,-1
G152,G204,1
G152,G204,-1
G152,G1402,1
G152,G847,1
G152,G1538,1
G152,G2095,1
G152,G2096,1
G152,G2097,1
G152,G646,1
G152,G474,1
G152,G1425,1
G152,G1426,1
G152,G656,1
G152,G475,1
G152,G1662,1
G152,G2098,1
G152,G2099,1
G152,G2100,1
G152,G2101,1
G152,G2102,1
G152,G1279,1
G152,G2103,1
G152,G2104,1
G152,G2105,1
G152,G1766,1
G152,G1767,1
G152,G1768,1
G152,G1769,1
G152,G424,1
G152,G1682,1
G152,G2106,1
G152,G109,1
G152,G9,1
G152,G488,1
G152,G489,1
G153,G129,-1
G153,G1033,-1
G153,G1034,-1
G153,G8,-1
G153,G396,-1
G153,G780,-1
G153,G781,-1
G153,G2150,-1
G153,G832,-1
G153,G456,1
G153,G457,1
G153,G457,-1
G153,G2151,-1
G153,G2152,-1
G153,G402,1
G153,G61,1
G153,G2003,1
G153,G1,1
G153,G271,-1
G153,G652,1
G153,G653,1
G153,G123,1
G153,G654,1
G153,G1178,1
G153,G2153,1
G153,G1552,1
G153,G420,1
G153,G1217,-1
G153,G1557,1
G153,G479,1
G153,G480,1
G153,G481,1
G153,G106,1
G154,G2158,-1
G154,G1265,-1
G154,G1266,-1
G154,G2159,-1
G154,G2160,-1
G154,G2161,-1
G155,G947,-1
G155,G948,-1
G155,G949,-1
G155,G155,-1
G155,G1025,-1
G156,G534,-1
G156,G539,-1
G156,G757,-1
G156,G185,-1
G156,G186,-1
G156,G187,-1
G156,G188,-1
G156,G189,-1
G156,G767,-1
G156,G768,-1
G156,G769,-1
G156,G770,-1
G156,G771,-1
G156,G549,-1
G156,G1586,-1
G156,G2166,-1
G156,G774,-1
G156,G775,-1
G156,G776,-1
G156,G777,-1
G156,G778,-1
G156,G1867,-1
G156,G1868,-1
G156,G779,-1
G156,G2034,-1
G156,G2167,-1
G156,G2168,-1
G156,G553,-1
G156,G2169,-1
G156,G554,-1
G156,G2170,-1
G156,G2171,-1
G156,G2172,-1
G156,G2173,-1
G156,G1800,-1
G156,G780,-1
G156,G781,-1
G156,G6,-1
G156,G201,1
G156,G397,-1
G156,G156,-1
G156,G441,1
G156,G441,-1
G156,G561,-1
G156,G562,-1
G156,G563,-1
G156,G565,-1
G156,G224,1
G156,G811,-1
G156,G570,1
G156,G225,1
G156,G225,-1
G156,G1598,-1
G156,G168,-1
G156,G240,-1
G156,G457,1
G156,G505,-1
G156,G506,-1
G156,G507,-1
G156,G508,-1
G156,G509,-1
G156,G83,-1
G156,G1923,-1
G156,G597,1
G156,G598,1
G156,G599,1
G156,G600,1
G156,G401,-1
G156,G103,-1
G156,G11,-1
G156,G601,1
G156,G602,1
G156,G603,1
G156,G604,1
G156,G2174,1
G156,G2174,-1
G156,G611,1
G156,G615,-1
G156,G616,-1
G156,G405,-1
G156,G1115,-1
G156,G1455,-1
G156,G409,-1
G156,G633,-1
G156,G2175,-1
G156,G2176,-1
G156,G646,1
G156,G646,-1
G156,G652,-1
G156,G653,-1
G156,G1181,-1
G156,G656,1
G156,G656,-1
G156,G1182,-1
G156,G1713,-1
G156,G671,-1
G156,G1714,-1
G156,G346,-1
G156,G2177,-1
G156,G967,-1
G156,G1285,-1
G156,G2178,-1
G156,G1463,-1
G156,G1464,-1
G156,G1465,-1
G156,G1466,-1
G156,G1467,-1
G156,G9,-1
G156,G1325,-1
G156,G1718,-1
G156,G1719,-1
G156,G1433,-1
G156,G1434,-1
G156,G1435,-1
G156,G1436,-1
G156,G1367,-1
G156,G1368,-1
G156,G1437,-1
G156,G1438,-1
G156,G1439,-1
G156,G1440,-1
G156,G1982,-1
G156,G1385,-1
G156,G731,-1
G156,G1470,-1
G157,G157,-1
G157,G1772,-1
G158,G532,1
G158,G538,1
G158,G555,1
G158,G556,1
G158,G557,1
G158,G558,1
G158,G201,1
G158,G835,1
G158,G617,1
G158,G946,1
G159,G2179,-1
G159,G2180,-1
G159,G2181,-1
G159,G1831,-1
G159,G2182,-1
G159,G2183,-1
G159,G2184,-1
G159,G2185,-1
G159,G2186,-1
G159,G2187,-1
G160,G1524,1
G160,G2188,1
G160,G2189,1
G160,G2190,1
G161,G872,1
G162,G510,-1
G162,G511,-1
G162,G512,-1
G162,G513,-1
G162,G514,-1
G162,G2191,1
G162,G2192,1
G163,G1462,1
G163,G1469,1
G164,G164,-1
G164,G647,-1
G164,G648,-1
G164,G649,-1
G164,G650,-1
G164,G651,-1
G165,G2193,1
G166,G267,-1
G166,G2194,-1
G166,G1325,-1
G167,G945,-1
G167,G1007,-1
G167,G1008,-1
G167,G1009,-1
G167,G167,-1
G168,G2195,-1
G168,G1732,-1
G168,G2196,-1
G168,G1069,-1
G168,G2197,-1
G168,G827,-1
G168,G1733,-1
G168,G82,-1
G168,G2198,-1
G168,G1531,-1
G168,G1118,-1
G168,G1456,-1
G168,G2053,-1
G168,G2054,-1
G168,G2055,-1
G169,G1004,1
G169,G1005,1
G169,G1006,1
G170,G2199,-1
G170,G1086,-1
G170,G1896,-1
G170,G170,1
G170,G1545,-1
G170,G1346,-1
G171,G226,-1
G171,G845,-1
G171,G2200,-1
G171,G958,-1
G172,G1496,-1
G172,G2201,1
G173,G2202,-1
G173,G2147,-1
G174,G396,-1
G174,G2203,-1
G174,G2204,-1
G174,G2056,-1
G174,G1300,-1
G174,G705,-1
